symbol,file,kind
DecisionModel,src/vibemix/intel/decision_runtime.py,class
RuntimeDecisionResult,src/vibemix/intel/decision_runtime.py,class
validate_and_degrade,src/vibemix/intel/decision_runtime.py,function
GoldSampleItem,src/vibemix/intel/gold_sampling.py,class
TasteConstraint,src/vibemix/intel/taste_model.py,class
transition_candidates_from_suggestion,src/vibemix/intel/context_compiler.py,function
MoveGrade,src/vibemix/intel/move_grade.py,class
MusicClaim,src/vibemix/intel/claims.py,class
GoldValidationResult,src/vibemix/intel/gold_validation.py,class
ClaimValidationResult,src/vibemix/intel/claim_validator.py,class
phrase_alignment_score,src/vibemix/intel/transition_scorer.py,function
role_score,src/vibemix/intel/transition_scorer.py,function
RoleSemantics,src/vibemix/intel/musical_ontology.py,class
TransitionGrammarRule,src/vibemix/intel/musical_ontology.py,class
GeminiClientProtocol,src/vibemix/debrief/tldr.py,class
VoiceWavMeta,src/vibemix/debrief/session_loader.py,class
resolve_track_path,src/vibemix/bench/run.py,function
fixture_snapshot_for,src/vibemix/bench/run.py,function
CoursePackValidationError,src/vibemix/learn/course_pack.py,class
CoursePackValidation,src/vibemix/learn/course_pack.py,class
CoursePackDraft,src/vibemix/learn/course_pack.py,class
transcript_copy,src/vibemix/learn/copy_truth.py,function
primary_expected_action_from_script,src/vibemix/learn/lesson_flow.py,function
select_active_master_input,src/vibemix/platform/_audio_macos.py,function
LiveTimingHint,src/vibemix/runtime/suggestion.py,class
ResolvedSeed,src/vibemix/runtime/suggestion.py,class
PreparedTarget,src/vibemix/runtime/suggestion.py,class
OutboundEndpoint,src/vibemix/runtime/sec_check.py,class
SectionVectorResult,src/vibemix/library/section_vectors.py,class
BeatTime,src/vibemix/library/anlz_ingest.py,class
hertz_to_mel,src/vibemix/library/audio_features.py,function
mel_to_hertz,src/vibemix/library/audio_features.py,function
LibraryEmbedderLike,src/vibemix/library/embed_types.py,class
check_clap_runtime,src/vibemix/library/doctor.py,function
check_clap_model,src/vibemix/library/doctor.py,function
check_library_cache,src/vibemix/library/doctor.py,function
check_embeddings_store,src/vibemix/library/doctor.py,function
check_dj_knowledge,src/vibemix/library/doctor.py,function
check_cue_export,src/vibemix/library/doctor.py,function
check_codex,src/vibemix/library/doctor.py,function
check_search_live,src/vibemix/library/doctor.py,function
SmartCue,src/vibemix/library/smart_cues.py,class
SuppressedCueCandidate,src/vibemix/library/smart_cues.py,class
SmartCueProposalSummary,src/vibemix/library/smart_cues.py,class
SmartCuePolicy,src/vibemix/library/smart_cues.py,class
replace_decktrack,src/vibemix/state/deck_poller.py,function
compact_recall_context_for_event,src/vibemix/state/coach.py,function
DeckSlot,src/vibemix/state/deck_vision.py,class
DeckRead,src/vibemix/state/deck_vision.py,class
LiveClaimGuardResult,src/vibemix/state/deck_context.py,class
DeckAudioRouting,src/vibemix/audio/deck_capture.py,class
DeckAudioFrame,src/vibemix/audio/deck_capture.py,class
